<?xml version="1.0" encoding="UTF-8"?>
<project-private xmlns="http://www.netbeans.org/ns/project-private/1">
    <editor-bookmarks xmlns="http://www.netbeans.org/ns/editor-bookmarks/2" lastBookmarkId="0"/>
    <open-files xmlns="http://www.netbeans.org/ns/projectui-open-files/2">
        <group>
            <file>file:/C:/Users/Huawei/Documents/NetBeansProjects/ProyectoTweetsFuncional/src/app/Main.java</file>
            <file>file:/C:/Users/Huawei/Documents/NetBeansProjects/ProyectoTweetsFuncional/src/model/Tweet.java</file>
            <file>file:/C:/Users/Huawei/Documents/NetBeansProjects/ProyectoTweetsFuncional/src/report/ReportGenerator.java</file>
            <file>file:/C:/Users/Huawei/Documents/NetBeansProjects/ProyectoTweetsFuncional/src/service/TextTransformService.java</file>
            <file>file:/C:/Users/Huawei/Documents/NetBeansProjects/ProyectoTweetsFuncional/src/service/TweetAnalyticsService.java</file>
            <file>file:/C:/Users/Huawei/Documents/NetBeansProjects/ProyectoTweetsFuncional/src/service/TweetLoader.java</file>
        </group>
    </open-files>
</project-private>
